City_ID,City,Country,Date,Lat,Lng,Max Temp,Humidity,Cloudiness,Wind Speed,Current Description
0,Butaritari,KI,2020-10-30 02:15:15,3.07,172.79,82.04,75,72,11.52,broken clouds
1,Dudinka,RU,2020-10-30 02:24:56,69.41,86.18,8.24,92,90,12.44,overcast clouds
2,Luderitz,NA,2020-10-30 02:19:39,-26.65,15.16,56.39,74,0,27.83,clear sky
3,Upernavik,GL,2020-10-30 02:18:55,72.79,-56.15,22.91,97,100,5.03,light snow
4,Rikitea,PF,2020-10-30 02:17:50,-23.12,-134.97,75.56,73,100,6.73,overcast clouds
5,Atuona,PF,2020-10-30 02:15:15,-9.8,-139.03,78.15,73,86,15.39,light rain
6,Sarkand,KZ,2020-10-30 02:24:57,45.41,79.92,34.99,69,42,2.93,scattered clouds
7,Vaitape,PF,2020-10-30 02:24:57,-16.52,-151.75,81.1,77,0,9.89,clear sky
8,Tasiilaq,GL,2020-10-30 02:17:58,65.61,-37.64,35.6,64,100,24.16,light rain
9,Mount Gambier,AU,2020-10-30 02:19:25,-37.83,140.77,62.6,63,75,12.75,broken clouds
10,Mutsu,JP,2020-10-30 02:24:58,41.29,141.22,51.8,62,75,11.41,broken clouds
11,Sarangani,PH,2020-10-30 02:24:58,5.4,125.46,83.75,77,57,12.86,broken clouds
12,Yellowknife,CA,2020-10-30 02:16:44,62.46,-114.35,16.0,94,80,3.58,broken clouds
13,Punta Arenas,CL,2020-10-30 02:18:18,-53.15,-70.92,44.6,75,75,5.82,broken clouds
14,Puerto Ayora,EC,2020-10-30 02:18:07,-0.74,-90.35,68.0,95,100,3.0,overcast clouds
15,Yar-Sale,RU,2020-10-30 02:22:54,66.83,70.83,17.01,97,100,8.41,overcast clouds
16,Bluff,NZ,2020-10-30 02:18:19,-46.6,168.33,61.0,91,100,1.99,light rain
17,Mataura,NZ,2020-10-30 02:17:49,-46.19,168.86,61.0,91,100,1.99,overcast clouds
18,Port Elizabeth,ZA,2020-10-30 02:17:51,-33.92,25.57,55.4,82,0,10.29,clear sky
19,Bud,US,2020-10-30 02:20:59,39.45,-86.18,45.0,87,90,9.17,overcast clouds
20,Vysokopillya,UA,2020-10-30 02:25:00,47.49,33.53,48.2,87,40,3.33,scattered clouds
21,Kavaratti,IN,2020-10-30 02:25:00,10.57,72.64,82.87,68,0,6.98,clear sky
22,Natal,BR,2020-10-30 02:25:00,-5.79,-35.21,78.8,78,40,9.17,scattered clouds
23,Talnakh,RU,2020-10-30 02:18:38,69.49,88.4,4.08,87,65,9.19,broken clouds
24,Geraldton,AU,2020-10-30 02:19:36,-28.77,114.6,93.2,28,0,8.05,clear sky
25,Mangan,IN,2020-10-30 02:25:01,27.52,88.53,74.77,21,9,4.36,clear sky
26,Cape Town,ZA,2020-10-30 02:16:46,-33.93,18.42,51.01,75,0,4.7,clear sky
27,Balykshi,KZ,2020-10-30 02:25:02,47.07,51.87,39.2,60,0,17.9,clear sky
28,Nikolskoye,RU,2020-10-30 02:18:20,59.7,30.79,50.0,93,90,4.47,shower rain
29,Srandakan,ID,2020-10-30 02:25:02,-7.94,110.25,86.5,63,0,5.59,clear sky
30,Qaanaaq,GL,2020-10-30 02:15:15,77.48,-69.36,4.96,71,5,6.29,clear sky
31,Khatanga,RU,2020-10-30 02:18:45,71.97,102.5,0.95,85,0,11.74,clear sky
32,Charters Towers,AU,2020-10-30 02:25:03,-20.1,146.27,90.84,14,0,7.76,clear sky
33,Nome,US,2020-10-30 02:19:16,64.5,-165.41,26.6,68,1,3.76,clear sky
34,East London,ZA,2020-10-30 02:17:50,-33.02,27.91,62.28,73,100,16.62,overcast clouds
35,Kulhudhuffushi,MV,2020-10-30 02:25:03,6.62,73.07,82.31,71,27,6.22,scattered clouds
36,Castro,BR,2020-10-30 02:17:55,-24.79,-50.01,60.24,96,100,5.19,light rain
37,Mahebourg,MU,2020-10-30 02:18:12,-20.41,57.7,66.99,65,17,5.99,light rain
38,Petauke,ZM,2020-10-30 02:18:06,-14.24,31.33,69.03,52,0,5.1,clear sky
39,Vaini,TO,2020-10-30 02:17:49,-21.2,-175.2,77.0,65,20,9.17,few clouds
40,Bakchar,RU,2020-10-30 02:25:04,57.02,82.07,28.26,99,85,4.36,overcast clouds
41,Kaitangata,NZ,2020-10-30 02:17:47,-46.28,169.85,62.01,88,100,1.99,overcast clouds
42,Bengkulu,ID,2020-10-30 02:19:12,-3.8,102.27,76.6,87,99,2.71,moderate rain
43,Fortuna,US,2020-10-30 02:13:02,40.6,-124.16,54.0,100,1,1.23,clear sky
44,Udachnyy,RU,2020-10-30 02:24:07,66.42,112.4,-8.28,90,63,1.03,broken clouds
45,Petropavlovsk-Kamchatskiy,RU,2020-10-30 02:20:22,53.05,158.65,46.4,61,75,2.24,broken clouds
46,Sukhumi,GE,2020-10-30 02:25:06,43.0,41.02,64.65,58,100,4.83,light rain
47,Kapaa,US,2020-10-30 02:17:58,22.08,-159.32,82.4,58,1,11.41,clear sky
48,Boa Vista,BR,2020-10-30 02:25:06,2.82,-60.67,84.2,66,20,4.7,light rain
49,Hermanus,ZA,2020-10-30 02:18:31,-34.42,19.23,46.0,87,42,2.08,scattered clouds
50,Enid,US,2020-10-30 02:24:34,36.4,-97.88,53.6,81,1,3.36,clear sky
51,Lakes Entrance,AU,2020-10-30 02:18:21,-37.88,147.98,64.99,74,46,7.0,scattered clouds
52,Kanniyakumari,IN,2020-10-30 02:25:07,8.08,77.57,80.31,75,47,4.56,scattered clouds
53,Vila Velha,BR,2020-10-30 02:17:43,-20.33,-40.29,79.0,83,75,11.41,broken clouds
54,Kodiak,US,2020-10-30 02:18:43,57.79,-152.41,41.0,56,1,3.36,clear sky
55,Hilo,US,2020-10-30 02:17:59,19.73,-155.09,80.6,78,90,4.7,light rain
56,Klaksvik,FO,2020-10-30 02:18:19,62.23,-6.59,48.2,93,100,32.21,light rain
57,Georgetown,MY,2020-10-30 02:18:02,5.41,100.34,84.2,79,20,5.82,few clouds
58,Hobart,AU,2020-10-30 02:15:03,-42.88,147.33,66.0,67,40,17.22,scattered clouds
59,Caravelas,BR,2020-10-30 02:19:14,-17.71,-39.25,76.46,84,100,9.66,overcast clouds
60,Lata,PT,2020-10-30 02:19:28,40.16,-8.33,55.99,100,0,3.36,clear sky
61,Jiaozuo,CN,2020-10-30 02:25:09,35.24,113.23,60.58,36,0,7.34,clear sky
62,Port Alfred,ZA,2020-10-30 02:18:08,-33.59,26.89,60.62,67,100,14.27,overcast clouds
63,Nikolsk,RU,2020-10-30 02:25:09,53.72,46.07,37.06,81,99,8.93,overcast clouds
64,Tessaoua,NE,2020-10-30 02:25:09,13.76,7.99,80.4,18,0,9.91,clear sky
65,Faya,SA,2020-10-30 02:19:48,18.39,42.45,55.4,40,0,2.68,clear sky
66,Babati,TZ,2020-10-30 02:25:10,-4.22,35.75,59.43,89,81,2.82,broken clouds
67,Tautira,PF,2020-10-30 02:25:10,-17.73,-149.15,82.4,78,40,13.87,scattered clouds
68,Pisco,PE,2020-10-30 02:17:56,-13.7,-76.22,63.0,82,0,19.46,clear sky
69,Albany,US,2020-10-30 02:16:01,42.6,-73.97,42.01,90,100,10.85,light rain
70,Lorengau,PG,2020-10-30 02:25:11,-2.02,147.27,84.15,74,100,9.37,moderate rain
71,Ca Mau,VN,2020-10-30 02:25:11,9.18,105.15,86.45,68,0,2.42,clear sky
72,Catamarca,AR,2020-10-30 02:25:11,-28.47,-65.79,53.01,50,36,8.77,scattered clouds
73,Tokur,RU,2020-10-30 02:19:22,53.13,132.9,28.74,93,100,4.99,overcast clouds
74,Taoudenni,ML,2020-10-30 02:20:03,22.68,-3.98,75.25,19,0,14.63,clear sky
75,Severo-Kurilsk,RU,2020-10-30 02:19:43,50.68,156.12,44.1,80,48,12.46,scattered clouds
76,Lagoa,PT,2020-10-30 02:19:06,39.05,-27.98,67.24,90,100,10.78,overcast clouds
77,Saint George,US,2020-10-30 02:16:42,37.1,-113.58,62.6,17,1,3.36,clear sky
78,Hambantota,LK,2020-10-30 02:25:13,6.12,81.12,80.2,75,100,4.81,overcast clouds
79,Vostok,RU,2020-10-30 02:18:38,46.49,135.88,32.68,100,100,3.15,overcast clouds
80,Bethel,US,2020-10-30 02:18:50,41.37,-73.41,44.6,93,90,10.29,mist
81,Powell River,CA,2020-10-30 02:18:14,49.85,-124.54,55.99,88,100,3.0,overcast clouds
82,Salinas,US,2020-10-30 02:19:29,36.68,-121.66,59.0,77,1,6.93,clear sky
83,Ciudad Bolivar,VE,2020-10-30 02:18:29,8.12,-63.55,82.76,72,82,10.0,broken clouds
84,Tarata,BO,2020-10-30 02:25:14,-17.62,-66.02,66.2,52,75,10.29,broken clouds
85,Busselton,AU,2020-10-30 02:17:53,-33.65,115.33,82.99,26,0,6.02,clear sky
86,Aasiaat,GL,2020-10-30 02:25:15,68.71,-52.87,17.67,95,100,5.93,overcast clouds
87,Muroto,JP,2020-10-30 02:20:56,33.28,134.15,68.0,37,75,16.11,broken clouds
88,New Norfolk,AU,2020-10-30 02:18:33,-42.78,147.06,66.0,49,85,3.0,overcast clouds
89,San Matias,BO,2020-10-30 02:25:15,-16.37,-58.4,74.73,89,100,5.66,heavy intensity rain
90,Keetmanshoop,NA,2020-10-30 02:18:49,-26.58,18.13,59.0,54,0,9.17,clear sky
91,Srednekolymsk,RU,2020-10-30 02:25:16,67.45,153.68,6.04,93,100,1.36,overcast clouds
92,Kutum,SD,2020-10-30 02:25:16,14.2,24.67,71.08,27,8,10.8,clear sky
93,San Patricio,US,2020-10-30 02:19:43,28.02,-97.52,62.6,51,20,14.99,few clouds
94,Bubaque,GW,2020-10-30 02:19:28,11.28,-15.83,84.2,73,0,10.31,clear sky
95,Jamestown,US,2020-10-30 02:15:02,42.1,-79.24,44.01,87,90,8.05,light rain
96,Arraial Do Cabo,BR,2020-10-30 02:18:18,-22.97,-42.03,75.02,94,96,3.87,light rain
97,Tuatapere,NZ,2020-10-30 02:18:27,-46.13,167.68,61.0,91,100,1.99,overcast clouds
98,Mwinilunga,ZM,2020-10-30 02:25:17,-11.74,24.43,62.22,91,4,3.0,clear sky
99,Ushuaia,AR,2020-10-30 02:17:26,-54.8,-68.3,44.6,70,75,12.75,broken clouds
100,Cabedelo,BR,2020-10-30 02:25:18,-6.98,-34.83,77.0,83,20,4.7,few clouds
101,Agadez,NE,2020-10-30 02:20:27,19.75,10.25,68.34,24,0,11.95,clear sky
102,Sao Joao Da Barra,BR,2020-10-30 02:18:25,-21.64,-41.05,75.61,89,96,19.26,overcast clouds
103,Dabou,CI,2020-10-30 02:25:18,5.33,-4.38,80.6,88,40,6.93,scattered clouds
104,Chicama,PE,2020-10-30 02:25:19,-7.84,-79.15,64.53,79,100,6.64,overcast clouds
105,Rebrikha,RU,2020-10-30 02:25:19,53.07,82.34,32.02,98,100,19.17,overcast clouds
106,Alta Floresta,BR,2020-10-30 02:19:38,-9.88,-56.09,72.66,97,100,4.07,overcast clouds
107,Nuristan,AF,2020-10-30 02:25:19,35.3,70.83,17.51,60,0,11.27,clear sky
108,Puerto Madryn,AR,2020-10-30 02:23:46,-42.77,-65.04,55.53,55,12,12.33,few clouds
109,Tuktoyaktuk,CA,2020-10-30 02:19:20,69.45,-133.04,5.29,95,25,6.13,scattered clouds
110,Barra Patuca,HN,2020-10-30 02:25:20,15.8,-84.28,79.95,85,99,7.45,light rain
111,Outjo,NA,2020-10-30 02:25:20,-20.12,16.15,65.84,55,35,5.35,scattered clouds
112,Katsuura,JP,2020-10-30 02:18:08,35.13,140.3,64.99,51,75,12.75,broken clouds
113,Avarua,CK,2020-10-30 02:18:11,-21.21,-159.78,77.0,69,97,11.41,overcast clouds
114,Hithadhoo,MV,2020-10-30 02:18:01,-0.6,73.08,82.9,77,64,11.48,broken clouds
115,Kalabo,ZM,2020-10-30 02:25:21,-14.97,22.68,73.8,57,55,4.74,broken clouds
116,Novocheremshansk,RU,2020-10-30 02:25:21,54.36,50.17,34.21,87,92,7.34,overcast clouds
117,Barguzin,RU,2020-10-30 02:25:21,53.62,109.62,34.52,86,100,1.77,overcast clouds
118,Sulangan,PH,2020-10-30 02:25:21,11.14,123.72,83.79,77,100,14.99,light rain
119,Canavieiras,BR,2020-10-30 02:25:22,-15.68,-38.95,76.44,84,100,8.86,overcast clouds
120,Bluefields,NI,2020-10-30 02:25:22,12.01,-83.76,79.12,89,1,4.83,clear sky
121,Bredasdorp,ZA,2020-10-30 02:17:56,-34.53,20.04,50.0,66,12,5.82,few clouds
122,Lavrentiya,RU,2020-10-30 02:19:28,65.58,-171.0,25.18,88,0,3.89,clear sky
123,Mar Del Plata,AR,2020-10-30 02:15:07,-38.0,-57.56,48.99,87,0,7.72,clear sky
124,Vila Franca Do Campo,PT,2020-10-30 02:19:24,37.72,-25.43,66.2,93,75,11.41,broken clouds
125,Dukat,RU,2020-10-30 02:25:23,62.55,155.55,13.35,94,95,1.28,overcast clouds
126,Srivardhan,IN,2020-10-30 02:25:23,18.03,73.02,78.82,71,96,5.7,overcast clouds
127,Ancud,CL,2020-10-30 02:25:24,-41.87,-73.82,50.0,76,79,11.41,broken clouds
128,Liverpool,GB,2020-10-30 02:21:41,53.41,-2.98,60.8,82,100,12.75,overcast clouds
129,Konongo,GH,2020-10-30 02:25:24,6.62,-1.22,71.29,98,51,1.59,broken clouds
130,Maniitsoq,GL,2020-10-30 02:25:24,65.42,-52.9,24.98,89,81,11.72,broken clouds
131,Angarsk,RU,2020-10-30 02:25:24,52.54,103.89,32.0,96,90,8.95,light shower snow
132,Laurel,US,2020-10-30 02:25:25,39.1,-76.85,51.01,100,90,3.36,overcast clouds
133,Dikson,RU,2020-10-30 02:17:55,73.51,80.55,9.1,93,100,25.9,overcast clouds
134,Narsaq,GL,2020-10-30 02:18:48,60.92,-46.05,30.2,86,51,2.24,light snow
135,Biloela,AU,2020-10-30 02:25:25,-24.42,150.5,89.1,26,0,14.12,clear sky
136,Kahului,US,2020-10-30 02:17:24,20.89,-156.47,87.8,55,75,8.05,broken clouds
137,Batagay-Alyta,RU,2020-10-30 02:19:32,67.8,130.41,7.63,94,100,2.42,light snow
138,Dongning,CN,2020-10-30 02:25:26,44.06,131.12,44.35,55,0,4.68,clear sky
139,Malindi,KE,2020-10-30 02:25:26,-3.22,40.12,76.3,83,12,7.02,moderate rain
140,Sorland,NO,2020-10-30 02:19:11,67.67,12.69,39.15,73,98,14.88,overcast clouds
141,Kushima,JP,2020-10-30 02:25:27,31.46,131.23,69.8,52,40,18.34,scattered clouds
142,Victoria,HK,2020-10-30 02:17:44,22.29,114.16,77.0,77,96,8.16,overcast clouds
143,Honiara,SB,2020-10-30 02:25:27,-9.43,159.95,84.2,74,40,6.93,shower rain
144,Ambilobe,MG,2020-10-30 02:18:57,-13.2,49.05,71.8,75,10,5.84,clear sky
145,The Valley,AI,2020-10-30 02:19:51,18.22,-63.06,84.2,74,40,11.41,scattered clouds
146,Nadvoitsy,RU,2020-10-30 02:25:27,63.87,34.32,43.68,89,77,11.59,broken clouds
147,Rongcheng,CN,2020-10-30 02:25:28,30.63,117.85,69.01,78,0,6.96,clear sky
148,Kashan,IR,2020-10-30 02:25:28,33.98,51.44,52.36,44,0,2.55,clear sky
149,Gold Coast,AU,2020-10-30 02:25:28,-28.0,153.43,82.99,69,0,14.99,clear sky
150,Cherskiy,RU,2020-10-30 02:18:53,68.75,161.3,7.81,93,100,3.49,overcast clouds
151,Bahia Honda,CU,2020-10-30 02:25:28,22.9,-83.16,77.95,86,4,2.37,light rain
152,Mehamn,NO,2020-10-30 02:18:26,71.04,27.85,34.7,84,96,18.54,light rain
153,Lappersdorf,DE,2020-10-30 02:25:29,49.06,12.09,48.99,87,90,3.36,overcast clouds
154,Riacho De Santana,BR,2020-10-30 02:25:29,-13.61,-42.94,73.4,94,0,4.7,clear sky
155,Pevek,RU,2020-10-30 02:18:32,69.7,170.31,19.81,95,100,11.43,overcast clouds
156,Dutlwe,BW,2020-10-30 02:25:29,-23.98,23.9,75.11,25,61,8.32,broken clouds
157,Cabo San Lucas,MX,2020-10-30 02:18:37,22.89,-109.91,77.0,57,20,12.75,few clouds
158,Saint-Augustin,CA,2020-10-30 02:18:17,51.23,-58.65,28.74,87,85,13.13,overcast clouds
159,Esperance,AU,2020-10-30 02:18:21,-33.87,121.9,66.2,42,100,12.75,overcast clouds
160,Chokurdakh,RU,2020-10-30 02:18:22,70.63,147.92,-3.71,93,98,1.72,overcast clouds
161,Kimberley,ZA,2020-10-30 02:25:31,-28.73,24.76,62.6,82,13,3.36,few clouds
162,Souillac,MU,2020-10-30 02:18:39,-20.52,57.52,66.99,65,27,5.99,light rain
163,Henties Bay,NA,2020-10-30 02:25:31,-22.12,14.28,55.0,90,9,1.01,clear sky
164,Las Cruces,US,2020-10-30 02:21:55,32.31,-106.78,54.0,53,1,4.7,clear sky
165,Beloha,MG,2020-10-30 02:25:31,-25.17,45.05,65.66,79,0,11.74,clear sky
166,Bereznik,RU,2020-10-30 02:25:32,62.86,42.71,46.38,94,100,7.58,light rain
167,Saskylakh,RU,2020-10-30 02:17:48,71.92,114.08,-0.15,84,47,6.13,scattered clouds
168,Aklavik,CA,2020-10-30 02:25:33,68.22,-135.01,9.23,92,35,6.71,scattered clouds
169,Buala,SB,2020-10-30 02:25:33,-8.14,159.59,81.01,79,100,9.08,light rain
170,Leningradskiy,RU,2020-10-30 02:22:33,69.38,178.42,17.29,88,51,13.87,broken clouds
171,Airai,TL,2020-10-30 02:17:57,-8.93,125.41,77.92,48,0,2.62,clear sky
172,Ahuimanu,US,2020-10-30 02:25:34,21.44,-157.84,84.2,48,75,6.93,broken clouds
173,San Cristobal,VE,2020-10-30 02:18:18,7.77,-72.22,80.6,74,40,2.24,scattered clouds
174,Dornoch,GB,2020-10-30 02:25:34,57.88,-4.03,57.2,87,75,16.11,broken clouds
175,Carnarvon,AU,2020-10-30 02:17:47,-24.87,113.63,77.0,69,75,14.99,broken clouds
176,Sur,OM,2020-10-30 02:25:34,22.57,59.53,71.92,67,0,6.89,clear sky
177,Anadyr,RU,2020-10-30 02:19:33,64.75,177.48,12.2,85,0,4.47,clear sky
178,Pozo Colorado,PY,2020-10-30 02:25:35,-23.49,-58.8,67.66,65,0,7.52,clear sky
179,Novyy Urengoy,RU,2020-10-30 02:18:03,66.08,76.63,6.55,95,92,8.88,overcast clouds
180,Ossora,RU,2020-10-30 02:19:17,59.24,163.07,35.2,87,95,5.57,overcast clouds
181,Praia,CV,2020-10-30 02:18:26,14.92,-23.51,78.8,78,20,17.22,few clouds
182,Goundi,TD,2020-10-30 02:25:36,9.36,17.37,73.67,74,1,4.74,clear sky
183,Jardim Do Serido,BR,2020-10-30 02:25:36,-6.58,-36.77,73.83,68,39,23.62,scattered clouds
184,Lebu,CL,2020-10-30 02:19:32,-37.62,-73.65,52.34,83,71,17.74,broken clouds
185,Faanui,PF,2020-10-30 02:18:06,-16.48,-151.75,80.22,79,0,9.98,clear sky
186,Xiamen,CN,2020-10-30 02:25:37,24.48,118.08,73.4,56,75,13.42,broken clouds
187,Barcelos,PT,2020-10-30 02:25:37,41.54,-8.62,57.2,87,90,6.93,overcast clouds
188,Wegrow,PL,2020-10-30 02:25:37,52.4,22.02,46.99,89,53,8.57,broken clouds
189,Buchanan,LR,2020-10-30 02:25:37,5.88,-10.05,77.0,94,40,6.08,scattered clouds
190,Atar,MR,2020-10-30 02:21:00,20.52,-13.05,79.97,22,51,7.99,broken clouds
191,Makakilo City,US,2020-10-30 02:19:42,21.35,-158.09,84.2,61,90,11.41,overcast clouds
192,Bam,IR,2020-10-30 02:25:38,29.11,58.36,55.31,36,0,5.57,clear sky
193,Sergeyevka,KZ,2020-10-30 02:25:38,53.88,67.42,31.08,96,55,7.99,broken clouds
194,Kaeo,NZ,2020-10-30 02:17:51,-35.1,173.78,68.0,73,100,8.01,overcast clouds
195,Atambua,ID,2020-10-30 02:25:38,-9.11,124.89,87.84,48,4,3.27,clear sky
196,Wembley,AU,2020-10-30 02:25:39,-31.93,115.8,89.01,19,0,17.22,clear sky
197,Bentiu,SS,2020-10-30 02:25:39,9.23,29.83,73.9,82,67,4.0,broken clouds
198,Port Augusta,AU,2020-10-30 02:25:39,-32.5,137.77,62.6,72,90,25.28,overcast clouds
199,Tobermory,CA,2020-10-30 02:25:39,45.25,-81.67,27.0,79,15,8.01,few clouds
200,Salvacion,PH,2020-10-30 02:25:39,7.98,126.13,84.27,68,100,3.49,overcast clouds
201,Dalby,AU,2020-10-30 02:25:40,-27.18,151.27,89.01,10,0,4.0,clear sky
202,Miri,MY,2020-10-30 02:25:40,4.41,114.01,87.8,79,40,8.05,scattered clouds
203,Gasa,PS,2020-10-30 02:19:57,31.5,34.47,71.01,100,100,4.0,overcast clouds
204,Ponta Do Sol,PT,2020-10-30 02:18:59,32.67,-17.1,68.0,68,20,11.41,few clouds
205,Sangar,RU,2020-10-30 02:23:28,63.92,127.47,-5.4,87,0,0.63,clear sky
206,Ilhabela,BR,2020-10-30 02:21:17,-23.78,-45.36,71.24,90,100,1.63,moderate rain
207,Zhigansk,RU,2020-10-30 02:19:54,66.77,123.37,-7.89,91,99,4.7,overcast clouds
208,Kudahuvadhoo,MV,2020-10-30 02:18:15,2.67,72.89,82.53,77,54,10.67,broken clouds
209,Puerto Escondido,MX,2020-10-30 02:19:55,15.85,-97.07,78.8,69,90,4.7,overcast clouds
210,Bangolo,CI,2020-10-30 02:25:41,7.01,-7.47,71.06,85,84,1.32,broken clouds
211,Palmer,US,2020-10-30 02:19:46,42.16,-72.33,43.0,93,90,10.29,light rain
212,Mildura,AU,2020-10-30 02:25:42,-34.2,142.15,59.0,93,75,11.41,broken clouds
213,Padang,ID,2020-10-30 02:18:52,-0.95,100.35,85.75,57,40,1.43,scattered clouds
214,Beringovskiy,RU,2020-10-30 02:18:44,63.05,179.32,25.83,82,0,3.96,clear sky
215,Birao,CF,2020-10-30 02:25:42,10.28,22.79,73.49,44,12,1.32,few clouds
216,Dicabisagan,PH,2020-10-30 02:19:27,17.08,122.42,81.37,82,70,8.03,moderate rain
217,Tupang,PH,2020-10-30 02:25:43,17.92,121.64,82.4,83,81,5.55,heavy intensity rain
218,Dakar,SN,2020-10-30 02:21:02,14.69,-17.44,78.8,74,0,13.87,clear sky
219,Kruisfontein,ZA,2020-10-30 02:18:53,-34.0,24.73,55.0,82,16,1.01,few clouds
220,Xining,CN,2020-10-30 02:19:02,36.62,101.77,45.43,49,0,3.44,clear sky
221,Deputatskiy,RU,2020-10-30 02:19:21,69.3,139.9,3.72,96,100,1.1,overcast clouds
222,Kibakwe,TZ,2020-10-30 02:25:44,-6.72,36.37,60.66,91,28,3.74,scattered clouds
223,Xai-Xai,MZ,2020-10-30 02:25:44,-25.05,33.64,68.86,96,31,6.8,scattered clouds
224,Cieza,ES,2020-10-30 02:25:44,38.24,-1.42,57.99,80,0,3.0,clear sky
225,Touros,BR,2020-10-30 02:19:01,-5.2,-35.46,77.0,83,40,3.36,scattered clouds
226,Esmeraldas,BR,2020-10-30 02:25:45,-19.76,-44.31,75.2,73,0,4.7,clear sky
227,Hobyo,SO,2020-10-30 02:25:45,5.35,48.53,79.02,81,99,7.81,overcast clouds
228,Moletai,LT,2020-10-30 02:25:45,55.23,25.42,48.0,100,90,3.36,fog
229,Requena,ES,2020-10-30 02:25:45,39.49,-1.1,54.0,87,0,4.7,clear sky
230,Narasaraopet,IN,2020-10-30 02:25:45,16.25,80.07,75.15,80,100,4.61,overcast clouds
231,Barrow,US,2020-10-30 02:15:02,71.29,-156.79,24.8,85,40,12.75,scattered clouds
232,Broome,US,2020-10-30 02:25:46,42.25,-75.83,42.01,93,90,12.75,overcast clouds
233,Leshukonskoye,RU,2020-10-30 02:25:46,64.9,45.76,43.23,93,100,8.1,overcast clouds
234,San Ignacio,BZ,2020-10-30 02:24:50,17.16,-89.07,79.0,76,83,3.0,broken clouds
235,Sao Filipe,CV,2020-10-30 02:18:04,14.9,-24.5,80.24,71,2,7.83,clear sky
236,Meulaboh,ID,2020-10-30 02:18:28,4.14,96.13,81.16,70,90,3.8,overcast clouds
237,San Quintin,MX,2020-10-30 02:20:00,30.48,-115.95,48.99,23,0,3.0,clear sky
238,Thompson,CA,2020-10-30 02:15:02,55.74,-97.86,23.2,98,88,5.32,overcast clouds
239,Ribeira Grande,PT,2020-10-30 02:17:55,38.52,-28.7,67.64,84,100,7.81,overcast clouds
240,Ponta Delgada,PT,2020-10-30 02:19:37,37.73,-25.67,66.2,93,75,11.41,broken clouds
241,Westport,US,2020-10-30 02:19:06,41.14,-73.36,46.4,87,90,13.87,light rain
242,Torbay,CA,2020-10-30 02:16:07,47.67,-52.73,41.0,86,97,3.0,overcast clouds
243,Jieshi,CN,2020-10-30 02:25:48,22.81,115.83,73.26,77,100,12.86,overcast clouds
244,Ixtapa,MX,2020-10-30 02:19:25,20.7,-105.2,82.4,74,5,4.7,clear sky
245,Shingu,JP,2020-10-30 02:25:49,33.73,135.98,66.2,45,40,14.99,scattered clouds
246,El Reten,CO,2020-10-30 02:25:49,10.61,-74.27,77.0,84,100,0.85,light rain
247,Stornoway,GB,2020-10-30 02:21:24,58.21,-6.39,53.6,93,98,12.75,light rain
248,Atherton,GB,2020-10-30 02:25:49,53.52,-2.49,60.01,78,100,5.01,overcast clouds
249,Port Blair,IN,2020-10-30 02:25:49,11.67,92.75,82.92,77,58,9.57,light rain
250,Tiksi,RU,2020-10-30 02:18:28,71.69,128.87,9.86,95,98,5.46,overcast clouds
251,Lauda-Konigshofen,DE,2020-10-30 02:25:50,49.57,9.7,51.01,93,90,18.34,light intensity drizzle
252,Tadine,NC,2020-10-30 02:19:13,-21.55,167.88,78.06,73,81,14.2,light rain
253,Watertown,US,2020-10-30 02:25:50,42.37,-71.18,46.0,93,90,11.41,light rain
254,Wattegama,LK,2020-10-30 02:25:51,6.8,81.48,78.94,81,100,1.3,overcast clouds
255,Escondido,US,2020-10-30 02:25:51,33.12,-117.09,66.99,41,73,0.69,broken clouds
256,Vao,NC,2020-10-30 02:18:33,-22.67,167.48,73.94,82,99,18.41,overcast clouds
257,Grindavik,IS,2020-10-30 02:19:01,63.84,-22.43,39.2,93,90,12.75,overcast clouds
258,Itaituba,BR,2020-10-30 02:25:51,-4.28,-55.98,82.65,62,1,0.34,clear sky
259,Dunedin,NZ,2020-10-30 02:15:50,-45.87,170.5,57.0,86,100,8.01,light rain
260,Puerto Leguizamo,CO,2020-10-30 02:25:52,-0.19,-74.78,79.61,76,46,4.14,light rain
261,Aswan,EG,2020-10-30 02:25:52,24.09,32.91,72.03,26,0,4.21,clear sky
262,Aguimes,ES,2020-10-30 02:18:24,27.91,-15.45,69.8,77,40,14.99,scattered clouds
263,Acarau,BR,2020-10-30 02:25:53,-2.89,-40.12,77.43,83,69,15.28,broken clouds
264,Luganville,VU,2020-10-30 02:19:53,-15.53,167.17,78.8,88,90,5.82,light intensity shower rain
265,Cidreira,BR,2020-10-30 02:18:07,-30.18,-50.21,60.51,66,100,9.53,overcast clouds
266,Kayerkan,RU,2020-10-30 02:25:53,69.35,87.76,5.23,88,89,9.15,overcast clouds
267,Riohacha,CO,2020-10-30 02:24:15,11.54,-72.91,79.77,84,94,4.29,light rain
268,Ust-Koksa,RU,2020-10-30 02:25:54,50.27,85.61,23.22,92,100,4.92,snow
269,Black Diamond,US,2020-10-30 02:25:54,47.31,-122.0,54.0,86,0,2.86,clear sky
270,Cap Malheureux,MU,2020-10-30 02:20:04,-19.98,57.61,68.0,65,0,5.99,clear sky
271,Mecca,SA,2020-10-30 02:17:39,21.43,39.83,72.66,57,0,1.83,clear sky
272,Quatre Cocos,MU,2020-10-30 02:25:55,-20.21,57.76,68.0,65,16,4.0,light rain
273,Rafaela,AR,2020-10-30 02:25:55,-31.25,-61.49,55.0,50,0,4.0,clear sky
274,Melito Di Porto Salvo,IT,2020-10-30 02:25:55,37.92,15.77,64.0,72,31,11.56,scattered clouds
275,Aviles,ES,2020-10-30 02:25:55,43.55,-5.92,51.8,87,0,5.82,clear sky
276,Loralai,PK,2020-10-30 02:25:55,30.37,68.6,47.95,42,0,2.06,clear sky
277,Cam Ranh,VN,2020-10-30 02:25:56,11.92,109.16,87.8,70,20,5.82,few clouds
278,Fulton,US,2020-10-30 02:25:56,33.77,-84.45,57.2,54,75,14.99,broken clouds
279,Ostrovnoy,RU,2020-10-30 02:18:05,68.05,39.51,36.97,93,100,11.25,light rain
280,Port Moresby,PG,2020-10-30 02:25:56,-9.44,147.18,86.0,66,40,17.22,moderate rain
281,Itarema,BR,2020-10-30 02:18:48,-2.92,-39.92,77.92,82,69,15.12,broken clouds
282,Algarrobo,CO,2020-10-30 02:25:57,10.19,-74.58,77.0,84,100,4.36,light rain
283,Guangyuan,CN,2020-10-30 02:25:57,32.44,105.82,61.0,99,100,1.01,light rain
284,Brigantine,US,2020-10-30 02:18:04,39.41,-74.36,53.6,93,90,9.17,mist
285,Rawson,AR,2020-10-30 02:25:37,-43.3,-65.1,52.39,60,50,10.29,scattered clouds
286,Mumford,GH,2020-10-30 02:25:58,5.26,-0.76,77.38,87,7,7.0,light rain
287,Launceston,AU,2020-10-30 02:25:58,-41.45,147.17,72.0,48,75,5.82,broken clouds
288,Thinadhoo,MV,2020-10-30 02:25:58,0.53,72.93,82.87,76,40,11.14,scattered clouds
289,Loum,CM,2020-10-30 02:25:58,4.72,9.74,71.38,93,48,1.68,light rain
290,Saint-Philippe,RE,2020-10-30 02:17:55,-21.36,55.77,69.8,56,75,14.99,broken clouds
291,Caxias Do Sul,BR,2020-10-30 02:25:41,-29.17,-51.18,53.01,83,78,4.16,broken clouds
292,Fukuchiyama,JP,2020-10-30 02:25:59,35.3,135.12,51.8,93,75,2.24,fog
293,Nioro,GM,2020-10-30 02:18:02,13.35,-15.75,75.2,69,0,3.56,clear sky
294,Abha,SA,2020-10-30 02:25:59,18.22,42.51,55.4,37,0,3.18,clear sky
295,Pitimbu,BR,2020-10-30 02:26:00,-7.47,-34.81,77.0,83,20,4.7,few clouds
296,Bairiki,KI,2020-10-30 02:26:00,1.33,172.98,87.8,66,20,8.05,few clouds
297,Mishelevka,RU,2020-10-30 02:26:00,52.86,103.17,29.64,97,100,9.62,overcast clouds
298,Qui Nhon,VN,2020-10-30 02:26:00,13.77,109.23,80.55,82,28,8.77,light rain
299,Tigzirt,DZ,2020-10-30 02:26:00,36.89,4.12,63.79,64,0,4.97,clear sky
300,Araouane,ML,2020-10-30 02:26:01,18.9,-3.53,81.9,16,40,10.2,scattered clouds
301,Rome,US,2020-10-30 02:21:47,34.26,-85.16,53.6,62,75,17.22,broken clouds
302,Jibuti,DJ,2020-10-30 02:26:01,11.5,42.5,78.8,74,1,11.14,haze
303,Loveland,US,2020-10-30 02:26:01,40.4,-105.08,43.0,70,0,3.56,clear sky
304,Fairbanks,US,2020-10-30 02:16:39,64.84,-147.72,17.6,78,90,3.36,light snow
305,Dawlatabad,AF,2020-10-30 02:26:02,36.41,64.91,31.93,86,0,0.98,clear sky
306,Shenzhen,CN,2020-10-30 02:18:28,22.55,114.07,77.0,78,90,6.46,overcast clouds
307,Windhoek,NA,2020-10-30 02:26:02,-22.56,17.08,70.0,46,0,3.53,clear sky
308,Rolla,US,2020-10-30 02:26:02,37.95,-91.77,39.2,81,90,8.05,overcast clouds
309,Sao Francisco,BR,2020-10-30 02:26:03,-15.95,-44.86,74.01,87,100,2.06,moderate rain
310,Monopoli,IT,2020-10-30 02:26:03,40.96,17.29,57.0,87,20,2.24,few clouds
311,Antalaha,MG,2020-10-30 02:26:03,-14.9,50.28,70.81,88,69,9.46,light rain
312,Norman Wells,CA,2020-10-30 02:18:22,65.28,-126.83,8.67,92,38,0.78,scattered clouds
313,Alem Paraiba,BR,2020-10-30 02:26:04,-21.89,-42.7,73.13,86,91,3.0,moderate rain
314,Ahipara,NZ,2020-10-30 02:19:49,-35.17,173.17,67.46,67,100,11.03,overcast clouds
315,Pyapon,MM,2020-10-30 02:26:04,16.28,95.68,79.29,87,67,8.01,broken clouds
316,Yuxia,CN,2020-10-30 02:26:04,34.06,108.63,57.0,87,90,11.18,mist
317,Isangel,VU,2020-10-30 02:18:06,-19.55,169.27,82.4,69,75,11.41,broken clouds
318,Zhuzhou,CN,2020-10-30 02:26:05,27.83,113.15,64.4,88,90,4.47,light rain
319,Olga,RU,2020-10-30 02:26:05,43.74,135.29,49.66,53,0,7.99,clear sky
320,Zadar,HR,2020-10-30 02:26:05,44.12,15.24,44.6,100,100,2.24,mist
321,Mitu,CO,2020-10-30 02:26:05,1.2,-70.17,77.16,87,86,1.81,overcast clouds
322,Guaruja,BR,2020-10-30 02:26:06,-23.99,-46.26,75.0,26,100,8.41,light rain
323,Pafos,CY,2020-10-30 02:26:06,34.77,32.42,64.4,63,1,10.29,clear sky
324,Aksu,CN,2020-10-30 02:26:06,41.12,80.26,44.02,53,100,1.5,overcast clouds
325,Harbour Breton,CA,2020-10-30 02:26:06,47.48,-55.8,42.44,73,100,19.33,light rain
326,Hongjiang,CN,2020-10-30 02:26:07,27.11,110.0,62.78,83,99,2.42,overcast clouds
327,Kawalu,ID,2020-10-30 02:26:07,-7.38,108.21,82.47,73,60,3.02,light rain
328,Agirish,RU,2020-10-30 02:26:07,61.92,63.02,35.29,93,96,7.7,overcast clouds
329,Kichmengskiy Gorodok,RU,2020-10-30 02:26:07,59.98,45.79,35.74,91,50,7.29,scattered clouds
330,Mnogovershinnyy,RU,2020-10-30 02:26:07,53.94,139.92,33.75,89,83,8.75,broken clouds
331,Husavik,IS,2020-10-30 02:17:51,66.04,-17.34,44.6,70,20,8.05,few clouds
332,Bagdarin,RU,2020-10-30 02:26:08,54.43,113.6,25.92,90,100,1.7,overcast clouds
333,Flinders,AU,2020-10-30 02:26:08,-34.58,150.86,73.0,52,40,9.17,scattered clouds
334,Taltal,CL,2020-10-30 02:26:08,-25.4,-70.48,57.13,72,36,3.83,scattered clouds
335,Boden,SE,2020-10-30 02:26:08,65.83,21.69,30.2,92,0,2.24,clear sky
336,Akureyri,IS,2020-10-30 02:26:09,65.68,-18.09,44.6,70,20,8.05,few clouds
337,Mugur-Aksy,RU,2020-10-30 02:21:09,50.35,90.5,16.52,80,100,7.92,overcast clouds
338,Nouakchott,MR,2020-10-30 02:16:52,18.09,-15.98,78.8,24,0,11.41,clear sky
339,Roald,NO,2020-10-30 02:17:56,62.58,6.13,42.8,87,0,10.29,clear sky
340,Poum,NC,2020-10-30 02:26:09,-20.23,164.02,77.54,71,100,13.56,overcast clouds
341,El Reno,US,2020-10-30 02:26:10,35.53,-97.95,44.01,84,0,7.38,clear sky
342,Barranca,PE,2020-10-30 02:26:10,-10.75,-77.77,61.47,90,100,7.99,overcast clouds
343,Longyearbyen,SJ,2020-10-30 02:17:53,78.22,15.64,19.4,57,20,17.22,few clouds
344,Manokwari,ID,2020-10-30 02:19:37,-0.87,134.08,84.94,69,100,6.44,overcast clouds
345,Maine-Soroa,NE,2020-10-30 02:26:10,13.21,12.02,79.72,20,0,9.24,clear sky
346,Doha,QA,2020-10-30 02:26:03,25.29,51.53,77.0,69,0,2.24,clear sky
347,Maceio,BR,2020-10-30 02:17:52,-9.67,-35.74,75.2,94,75,6.93,broken clouds
348,Beira,MZ,2020-10-30 02:24:24,-19.84,34.84,69.8,94,20,4.7,few clouds
349,Salalah,OM,2020-10-30 02:19:03,17.02,54.09,75.2,73,0,4.7,clear sky
350,Jiuquan,CN,2020-10-30 02:26:12,39.74,98.52,39.43,63,30,3.51,scattered clouds
351,Codrington,AU,2020-10-30 02:19:03,-38.27,141.97,59.65,78,0,12.24,clear sky
352,Acari,PE,2020-10-30 02:18:52,-15.43,-74.62,64.62,70,57,4.07,broken clouds
353,Port Hardy,CA,2020-10-30 02:15:03,50.7,-127.42,53.24,81,100,15.64,overcast clouds
354,Druzhba,UA,2020-10-30 02:26:13,52.04,33.95,41.99,77,74,4.21,moderate rain
355,Natchitoches,US,2020-10-30 02:26:13,31.77,-93.13,50.0,87,90,6.24,overcast clouds
356,Barkly West,ZA,2020-10-30 02:26:13,-28.54,24.52,62.6,82,53,3.36,broken clouds
357,Half Moon Bay,US,2020-10-30 02:18:39,37.46,-122.43,66.2,48,5,3.36,clear sky
358,Susangerd,IR,2020-10-30 02:26:14,31.56,48.18,57.2,71,8,2.24,clear sky
359,La Asuncion,VE,2020-10-30 02:26:14,11.03,-63.86,80.6,94,100,10.29,overcast clouds
360,Bathsheba,BB,2020-10-30 02:19:00,13.22,-59.52,80.6,88,40,23.04,scattered clouds
361,Lazaro Cardenas,MX,2020-10-30 02:24:30,17.96,-102.2,80.11,83,87,3.65,overcast clouds
362,Betioky,MG,2020-10-30 02:26:14,-23.72,44.38,73.62,55,0,9.48,clear sky
363,Sandwick,GB,2020-10-30 02:26:15,60.0,-1.25,51.8,93,100,31.09,moderate rain
364,Luanda,AO,2020-10-30 02:22:39,-8.84,13.23,77.0,88,75,4.7,broken clouds
365,Banff,CA,2020-10-30 02:21:17,51.18,-115.57,30.99,100,100,1.99,overcast clouds
366,Guerrero Negro,MX,2020-10-30 02:18:58,27.98,-114.06,68.32,48,0,11.68,clear sky
367,Whitehorse,CA,2020-10-30 02:26:16,60.72,-135.05,24.01,90,97,1.01,overcast clouds
368,Cayenne,GF,2020-10-30 02:26:16,4.93,-52.33,80.6,88,20,6.93,few clouds
369,Camacha,PT,2020-10-30 02:26:16,33.08,-16.33,68.0,77,40,5.82,scattered clouds
370,Houston,US,2020-10-30 02:26:01,29.76,-95.36,54.0,66,20,12.75,few clouds
371,Chuy,UY,2020-10-30 02:19:02,-33.7,-53.46,49.46,88,6,6.69,clear sky
372,Jaguaruana,BR,2020-10-30 02:26:17,-4.83,-37.78,75.47,76,17,7.52,few clouds
373,Togur,RU,2020-10-30 02:26:17,58.36,82.83,23.07,98,99,2.66,overcast clouds
374,Road Town,VG,2020-10-30 02:26:17,18.42,-64.62,82.99,90,78,3.0,light rain
375,Yumen,CN,2020-10-30 02:19:09,40.28,97.2,39.92,62,98,17.0,overcast clouds
376,Tateyama,JP,2020-10-30 02:26:18,34.98,139.87,66.2,48,40,18.34,scattered clouds
377,Sault Sainte Marie,CA,2020-10-30 02:21:55,46.52,-84.33,24.8,68,1,5.82,clear sky
378,Sri Aman,MY,2020-10-30 02:18:25,1.24,111.46,82.4,83,20,4.43,few clouds
379,Constitucion,CL,2020-10-30 02:19:17,-35.33,-72.42,56.44,72,0,5.44,clear sky
380,Richards Bay,ZA,2020-10-30 02:26:18,-28.78,32.04,72.73,73,100,9.1,overcast clouds
381,Noumea,NC,2020-10-30 02:26:19,-22.28,166.46,84.99,54,90,8.05,overcast clouds
382,Kupino,RU,2020-10-30 02:26:19,54.37,77.3,34.12,97,100,15.82,overcast clouds
383,Pundaguitan,PH,2020-10-30 02:26:19,6.37,126.17,83.35,73,97,9.13,overcast clouds
384,Samarai,PG,2020-10-30 02:18:26,-10.62,150.67,81.79,77,41,9.82,light rain
385,Tilichiki,RU,2020-10-30 02:18:14,60.47,166.1,29.66,92,0,0.83,clear sky
386,Clyde River,CA,2020-10-30 02:18:00,70.47,-68.59,19.17,94,100,11.3,light snow
387,Mount Pleasant,US,2020-10-30 02:22:01,32.79,-79.86,78.01,94,90,16.11,overcast clouds
388,Lamar,US,2020-10-30 02:17:47,33.67,-95.58,44.6,87,1,6.93,clear sky
389,Santa,PH,2020-10-30 02:26:20,17.49,120.43,85.05,68,91,4.12,heavy intensity rain
390,Comodoro Rivadavia,AR,2020-10-30 02:15:02,-45.87,-67.5,50.0,66,0,1.12,clear sky
391,Sabang,ID,2020-10-30 02:26:21,5.89,95.32,82.36,72,89,9.48,overcast clouds
392,Sisimiut,GL,2020-10-30 02:19:40,66.94,-53.67,21.29,94,95,7.05,overcast clouds
393,Ararat,AM,2020-10-30 02:26:21,39.83,44.7,42.8,70,0,1.12,clear sky
394,Itaguai,BR,2020-10-30 02:26:21,-22.85,-43.78,77.0,83,90,11.41,light rain
395,Calama,CL,2020-10-30 02:23:49,-22.47,-68.93,51.8,14,0,10.29,clear sky
396,Chifeng,CN,2020-10-30 02:26:22,42.27,118.96,50.54,40,0,4.23,clear sky
397,Mindelo,CV,2020-10-30 02:26:22,16.89,-24.98,77.0,78,20,27.51,few clouds
398,Brooks,CA,2020-10-30 02:25:00,50.58,-111.89,39.0,62,95,3.98,overcast clouds
399,Tagusao,PH,2020-10-30 02:26:22,9.19,117.81,84.27,73,63,9.37,broken clouds
400,Khonsa,IN,2020-10-30 02:26:23,27.02,95.57,75.45,50,35,0.29,scattered clouds
401,Plainview,US,2020-10-30 02:26:23,40.78,-73.47,48.99,93,90,16.11,overcast clouds
402,Altamira,BR,2020-10-30 02:25:29,-3.2,-52.21,80.56,69,0,1.77,clear sky
403,Batemans Bay,AU,2020-10-30 02:18:49,-35.72,150.18,66.99,76,99,4.0,overcast clouds
404,Goundam,ML,2020-10-30 02:26:23,16.41,-3.67,82.85,14,63,8.25,broken clouds
405,Kedgwick,CA,2020-10-30 02:26:24,47.64,-67.34,21.58,95,49,3.38,scattered clouds
406,Harindanga,IN,2020-10-30 02:26:24,22.04,88.32,77.0,78,100,8.05,haze
407,Arlit,NE,2020-10-30 02:26:24,18.74,7.39,76.01,18,0,10.83,clear sky
408,Yelizavetinskaya,RU,2020-10-30 02:26:24,45.04,38.8,60.01,100,75,2.24,mist
409,Bourail,NC,2020-10-30 02:25:08,-21.57,165.48,83.95,49,99,4.68,overcast clouds
410,San Isidro,PE,2020-10-30 02:26:24,-12.12,-77.05,62.6,82,40,16.11,scattered clouds
411,Douentza,ML,2020-10-30 02:26:25,15.0,-2.95,77.92,17,0,3.91,clear sky
412,Quelimane,MZ,2020-10-30 02:26:25,-17.88,36.89,70.27,92,0,2.59,clear sky
413,Saint-Joseph,RE,2020-10-30 02:19:47,-21.37,55.62,69.8,56,75,14.99,broken clouds
414,Severo-Yeniseyskiy,RU,2020-10-30 02:26:26,60.37,93.04,6.37,95,100,4.05,overcast clouds
415,Guangshui,CN,2020-10-30 02:26:26,31.62,114.0,66.69,64,0,6.13,clear sky
416,Bambous Virieux,MU,2020-10-30 02:18:50,-20.34,57.76,66.99,65,17,5.99,light rain
417,Kaseda,JP,2020-10-30 02:26:26,31.42,130.32,66.2,63,40,4.7,scattered clouds
418,Alofi,NU,2020-10-30 02:13:44,-19.06,-169.92,78.8,61,75,18.34,light intensity drizzle
419,Kultuk,RU,2020-10-30 02:26:27,51.72,103.7,33.94,90,100,5.61,overcast clouds
420,Sao Borja,BR,2020-10-30 02:26:27,-28.66,-56.0,57.97,67,55,10.76,broken clouds
421,Paijan,PE,2020-10-30 02:26:27,-7.73,-79.3,61.72,87,100,9.51,overcast clouds
422,Kavieng,PG,2020-10-30 02:19:46,-2.57,150.8,81.25,77,100,8.23,moderate rain
423,Raymond,US,2020-10-30 02:26:28,43.9,-70.47,37.99,97,100,1.01,moderate rain
424,Foca,TR,2020-10-30 02:26:28,38.67,26.76,63.0,93,75,4.7,broken clouds
425,Chumikan,RU,2020-10-30 02:26:28,54.72,135.31,35.47,82,100,15.23,overcast clouds
426,Bandarbeyla,SO,2020-10-30 02:19:15,9.49,50.81,77.79,84,80,8.55,broken clouds
427,Broken Hill,AU,2020-10-30 02:19:53,-31.95,141.43,64.4,52,75,20.8,broken clouds
428,Haines Junction,CA,2020-10-30 02:26:29,60.75,-137.51,23.77,94,100,1.48,light snow
429,Warrington,GB,2020-10-30 02:14:13,53.39,-2.58,60.8,82,100,17.22,overcast clouds
430,Graaff-Reinet,ZA,2020-10-30 02:26:29,-32.25,24.53,54.0,85,99,4.0,overcast clouds
431,Sussex,US,2020-10-30 02:26:29,41.18,-74.67,46.4,87,90,9.17,mist
432,Halifax,CA,2020-10-30 02:15:06,44.65,-63.57,44.01,93,100,1.01,light rain
433,Penzance,GB,2020-10-30 02:26:30,50.12,-5.54,57.2,93,90,31.09,overcast clouds
434,Bonavista,CA,2020-10-30 02:26:30,48.65,-53.11,37.99,87,39,11.01,scattered clouds
435,Pacific Grove,US,2020-10-30 02:17:44,36.62,-121.92,60.8,77,1,4.7,clear sky
436,Kollo,NE,2020-10-30 02:26:30,13.3,2.34,78.8,47,0,1.12,clear sky
437,Oranjemund,NA,2020-10-30 02:26:31,-28.55,16.43,55.65,73,1,19.8,clear sky
438,Khandyga,RU,2020-10-30 02:26:31,62.67,135.6,3.87,90,89,0.22,overcast clouds
439,Soyo,AO,2020-10-30 02:18:07,-6.13,12.37,77.29,85,74,7.85,broken clouds
440,Aripuana,BR,2020-10-30 02:26:31,-9.17,-60.63,74.17,95,78,2.17,light rain
441,Murray Bridge,AU,2020-10-30 02:26:31,-35.12,139.27,57.0,94,81,3.0,light rain
442,Amapa,BR,2020-10-30 02:26:32,1.0,-52.0,79.61,68,0,5.84,clear sky
443,Sitka,US,2020-10-30 02:18:41,57.05,-135.33,44.6,81,40,10.29,scattered clouds
444,Shimoda,JP,2020-10-30 02:26:32,34.67,138.95,66.2,48,40,18.34,scattered clouds
445,Kantilo,IN,2020-10-30 02:26:32,20.35,85.18,72.54,65,7,4.94,clear sky
446,Iskateley,RU,2020-10-30 02:26:32,67.68,53.15,38.88,91,99,16.49,overcast clouds
447,Villazon,BO,2020-10-30 02:19:12,-22.09,-65.59,46.56,63,60,10.98,broken clouds
448,Vikindu,TZ,2020-10-30 02:26:33,-7.01,39.3,73.35,89,12,4.81,few clouds
449,Silver City,US,2020-10-30 02:26:33,32.77,-108.28,46.4,65,1,5.82,clear sky
450,Terra Santa,BR,2020-10-30 02:26:33,-2.1,-56.49,80.49,71,69,1.16,light rain
451,Hutang,CN,2020-10-30 02:26:33,31.53,119.48,60.01,74,0,1.01,clear sky
452,Bage,BR,2020-10-30 02:26:34,-31.33,-54.11,51.8,81,0,6.93,clear sky
453,Turukhansk,RU,2020-10-30 02:26:34,65.82,87.98,3.13,94,88,5.06,overcast clouds
454,Mitsamiouli,KM,2020-10-30 02:26:34,-11.38,43.28,78.53,80,4,12.71,light rain
455,Muriwai Beach,NZ,2020-10-30 02:26:34,-36.82,174.45,69.01,80,97,15.99,overcast clouds
456,Marion,US,2020-10-30 02:24:58,39.77,-86.16,46.4,81,75,10.29,broken clouds
457,Vredendal,ZA,2020-10-30 02:26:35,-31.67,18.5,50.23,70,15,9.33,few clouds
458,Wiang Sa,TH,2020-10-30 02:26:35,8.64,99.37,87.01,85,92,4.05,overcast clouds
459,Grand-Santi,GF,2020-10-30 02:26:35,4.25,-54.38,76.3,93,100,4.34,overcast clouds
460,Rosario,AR,2020-10-30 02:25:03,-32.95,-60.64,53.6,66,0,8.05,clear sky
461,Frontino,CO,2020-10-30 02:26:35,6.78,-76.13,62.15,90,79,1.41,light rain
462,Walvis Bay,NA,2020-10-30 02:26:36,-22.96,14.51,55.0,87,0,2.24,clear sky
463,Port Lincoln,AU,2020-10-30 02:18:24,-34.73,135.87,59.16,67,47,19.55,scattered clouds
464,Namibe,AO,2020-10-30 02:18:12,-15.2,12.15,69.12,74,1,4.76,clear sky
465,Kungurtug,RU,2020-10-30 02:26:36,50.6,97.52,23.11,77,62,2.66,broken clouds
466,Sven,RU,2020-10-30 02:26:36,53.18,34.55,39.2,93,75,2.24,broken clouds
467,Los Llanos De Aridane,ES,2020-10-30 02:18:41,28.66,-17.92,71.6,64,90,8.05,overcast clouds
468,Takoradi,GH,2020-10-30 02:26:37,4.88,-1.76,77.47,87,0,5.35,clear sky
469,Surab,PK,2020-10-30 02:26:37,28.49,66.26,45.63,46,0,3.76,clear sky
470,Itupiranga,BR,2020-10-30 02:26:37,-5.13,-49.33,81.28,69,27,0.45,scattered clouds
471,Strelka,RU,2020-10-30 02:26:38,58.07,93.03,21.34,94,100,4.56,overcast clouds
472,Necochea,AR,2020-10-30 02:13:52,-38.55,-58.74,43.5,74,0,1.32,clear sky
473,Hushitai,CN,2020-10-30 02:26:38,41.93,123.51,48.2,36,0,4.47,clear sky
474,Zhangjiakou,CN,2020-10-30 02:19:05,40.81,114.88,49.17,40,14,2.04,few clouds
475,Alyangula,AU,2020-10-30 02:26:39,-13.85,136.42,89.6,55,100,9.17,overcast clouds
476,Gizo,SB,2020-10-30 02:26:39,-8.1,156.84,84.42,69,99,6.62,light rain
477,Banda Aceh,ID,2020-10-30 02:18:10,5.56,95.32,84.54,63,74,5.23,broken clouds
478,Voykove,UA,2020-10-30 02:26:39,45.38,36.44,61.0,82,65,2.89,broken clouds
479,Grand Gaube,MU,2020-10-30 02:19:31,-20.01,57.66,68.0,65,1,5.99,clear sky
480,Tanout,NE,2020-10-30 02:26:40,14.97,8.89,77.63,17,0,11.14,clear sky
481,Provideniya,RU,2020-10-30 02:17:52,64.38,-173.3,28.4,63,0,0.51,clear sky
482,Trairi,BR,2020-10-30 02:26:40,-3.28,-39.27,78.35,79,17,10.83,few clouds
483,Shellbrook,CA,2020-10-30 02:23:13,53.22,-106.4,30.81,96,99,7.11,overcast clouds
484,Tumut,AU,2020-10-30 02:26:41,-35.3,148.22,69.62,63,89,7.38,light rain
485,Tazovskiy,RU,2020-10-30 02:18:03,67.47,78.7,3.65,93,100,9.19,overcast clouds
486,Barrhead,GB,2020-10-30 02:26:41,55.8,-4.39,55.99,93,98,24.16,overcast clouds
487,Ballina,AU,2020-10-30 02:18:42,-28.87,153.57,86.0,73,0,14.99,clear sky
488,Mayfield,US,2020-10-30 02:26:42,36.74,-88.64,46.0,100,90,13.87,overcast clouds
489,Laguna,US,2020-10-30 02:17:24,38.42,-121.42,66.0,44,1,2.8,clear sky
490,Plouzane,FR,2020-10-30 02:26:42,48.38,-4.62,57.2,93,90,21.92,overcast clouds
491,Inta,RU,2020-10-30 02:26:42,66.03,60.17,37.08,94,100,17.29,light rain
492,Kerman,IR,2020-10-30 02:26:43,30.28,57.08,35.6,29,0,4.7,clear sky
493,Port Hedland,AU,2020-10-30 02:26:43,-20.32,118.57,96.8,28,0,9.17,clear sky
494,Beja,TN,2020-10-30 02:26:43,36.73,9.18,60.8,87,40,6.93,scattered clouds
495,Los Lunas,US,2020-10-30 02:26:43,34.81,-106.73,53.6,46,20,5.53,few clouds
496,Enzan,JP,2020-10-30 02:26:44,35.7,138.73,63.0,49,81,1.01,broken clouds
497,San-Pedro,CI,2020-10-30 02:26:44,4.75,-6.64,76.24,93,47,4.14,light rain
498,Porto Murtinho,BR,2020-10-30 02:26:44,-21.7,-57.88,71.08,69,31,9.1,scattered clouds
499,Opuwo,NA,2020-10-30 02:26:44,-18.06,13.84,64.36,40,11,5.46,few clouds
500,Hay River,CA,2020-10-30 02:24:49,60.82,-115.8,17.71,95,100,4.94,overcast clouds
501,Balotra,IN,2020-10-30 02:26:45,25.83,72.23,74.77,23,0,6.64,clear sky
502,Marawi,PH,2020-10-30 02:26:45,8.0,124.29,81.0,86,100,5.01,overcast clouds
503,Georgiyevka,KZ,2020-10-30 02:26:45,43.04,74.71,24.8,92,90,4.47,fog
504,Labuhan,ID,2020-10-30 02:19:02,-6.88,112.21,87.51,61,86,9.53,light rain
505,Erenhot,CN,2020-10-30 02:26:46,43.65,111.98,46.54,45,72,14.67,broken clouds
506,Mandalgovi,MN,2020-10-30 02:26:46,45.76,106.27,40.75,58,100,12.53,overcast clouds
507,Ouallam,NE,2020-10-30 02:26:46,14.32,2.09,81.91,18,0,5.28,clear sky
508,Soe,ID,2020-10-30 02:26:47,-9.86,124.28,86.2,41,60,5.3,broken clouds
509,Vanimo,PG,2020-10-30 02:26:47,-2.67,141.3,77.43,88,100,6.02,light rain
510,Ginda,IN,2020-10-30 02:26:47,30.69,78.49,51.22,38,0,5.91,clear sky
511,Margate,GB,2020-10-30 02:26:47,51.38,1.39,59.0,80,100,4.0,overcast clouds
512,Coihaique,CL,2020-10-30 02:18:34,-45.58,-72.07,48.2,66,0,3.36,clear sky
513,Virginia Beach,US,2020-10-30 02:22:22,36.85,-75.98,78.01,82,93,1.99,overcast clouds
514,Burns Lake,CA,2020-10-30 02:26:48,54.23,-125.75,33.91,93,100,3.53,light rain
515,Jacmel,HT,2020-10-30 02:26:48,18.23,-72.53,82.4,69,38,9.17,scattered clouds
516,Shieli,KZ,2020-10-30 02:26:48,44.17,66.75,40.06,63,0,11.63,clear sky
517,Nanortalik,GL,2020-10-30 02:18:35,60.14,-45.24,29.8,94,100,12.03,overcast clouds
518,Sibolga,ID,2020-10-30 02:19:10,1.74,98.78,85.51,59,12,1.05,few clouds
519,Filadelfia,US,2020-10-30 02:22:11,39.95,-75.16,48.99,93,90,11.41,light rain
520,Susuman,RU,2020-10-30 02:26:49,62.78,148.17,13.17,93,100,1.52,overcast clouds
521,Monrovia,LR,2020-10-30 02:24:32,6.3,-10.8,77.0,94,40,7.29,scattered clouds
522,Harper,LR,2020-10-30 02:19:42,4.38,-7.72,76.93,90,99,8.28,moderate rain
523,Muros,ES,2020-10-30 02:26:50,42.78,-9.06,51.01,92,1,3.0,clear sky
524,College,US,2020-10-30 02:18:33,64.86,-147.8,17.6,72,90,5.82,light snow
525,Itoman,JP,2020-10-30 02:26:50,26.12,127.67,78.8,57,75,23.04,broken clouds
526,Nemuro,JP,2020-10-30 02:26:50,43.32,145.57,48.2,61,75,12.75,broken clouds
527,Bonthe,SL,2020-10-30 02:26:51,7.53,-12.51,78.1,85,28,5.21,light rain
528,Kirovskiy,RU,2020-10-30 02:26:51,45.09,133.51,38.35,77,100,3.71,overcast clouds
529,Moskovskiy,RU,2020-10-30 02:26:51,55.6,37.35,37.0,86,0,4.47,clear sky
530,Hachinohe,JP,2020-10-30 02:26:51,40.5,141.5,50.0,61,20,18.34,few clouds
531,Salina,US,2020-10-30 02:26:52,38.84,-97.61,39.0,64,1,4.7,clear sky
532,Havoysund,NO,2020-10-30 02:26:52,71.0,24.66,35.6,64,75,35.57,light rain
533,Storm Lake,US,2020-10-30 02:26:52,42.64,-95.21,33.8,92,90,4.7,overcast clouds
534,Fomboni,KM,2020-10-30 02:26:53,-12.28,43.74,79.05,78,14,9.22,light rain
535,San Miguel,SV,2020-10-30 02:23:14,13.48,-88.18,74.17,80,100,3.76,light rain
536,Weihai,CN,2020-10-30 02:26:53,37.5,122.11,61.0,48,0,9.22,clear sky
537,Eyrarbakki,IS,2020-10-30 02:26:53,63.86,-21.15,41.0,80,75,13.87,broken clouds
538,Gushikawa,JP,2020-10-30 02:26:53,26.35,127.87,78.8,61,75,17.22,broken clouds
539,Fort Abbas,PK,2020-10-30 02:26:54,29.19,72.85,69.69,23,0,1.54,clear sky
540,Bartica,GY,2020-10-30 02:26:54,6.4,-58.62,77.0,100,20,2.24,few clouds
541,Bontang,ID,2020-10-30 02:26:54,0.13,117.5,83.66,67,59,7.31,broken clouds
542,Sinegorye,RU,2020-10-30 02:26:54,62.08,150.48,15.82,92,100,1.32,overcast clouds
543,Saldanha,ZA,2020-10-30 02:17:54,-33.01,17.94,44.6,75,0,4.7,clear sky
544,Nichinan,JP,2020-10-30 02:26:55,31.6,131.37,69.8,52,40,18.34,scattered clouds
545,Baykit,RU,2020-10-30 02:18:41,61.67,96.37,11.14,92,96,2.44,overcast clouds
546,Dalian,CN,2020-10-30 02:26:55,38.91,121.6,60.8,51,0,2.24,clear sky
547,Lanzhou,CN,2020-10-30 02:26:55,36.06,103.79,41.0,80,40,2.24,scattered clouds
548,Kalmar,SE,2020-10-30 02:26:56,56.66,16.36,48.0,93,97,9.17,overcast clouds
549,Gazli,UZ,2020-10-30 02:26:56,40.13,63.45,36.86,71,0,13.65,clear sky
550,Sao Felix Do Xingu,BR,2020-10-30 02:25:07,-6.64,-51.99,76.03,84,68,2.44,light rain
551,Beyneu,KZ,2020-10-30 02:19:55,45.32,55.2,41.65,62,73,16.24,broken clouds
552,Lima,PE,2020-10-30 02:20:00,-12.04,-77.03,62.6,82,40,13.87,scattered clouds
553,Bolama,GW,2020-10-30 02:26:57,11.58,-15.47,82.17,69,0,6.53,clear sky
554,Bilibino,RU,2020-10-30 02:26:57,68.05,166.44,3.96,82,85,1.48,overcast clouds
555,Dwarka,IN,2020-10-30 02:26:57,22.24,68.97,79.83,60,0,9.33,clear sky
556,Atasu,KZ,2020-10-30 02:26:57,48.68,71.64,28.44,85,0,8.12,clear sky
557,Eskisehir,TR,2020-10-30 02:26:58,39.78,30.52,46.4,93,31,2.21,scattered clouds
558,Ust-Nera,RU,2020-10-30 02:26:58,64.57,143.2,10.72,88,100,2.8,light snow
559,Ust-Maya,RU,2020-10-30 02:26:58,60.42,134.53,6.04,91,55,2.42,broken clouds
560,Olafsvik,IS,2020-10-30 02:26:58,64.89,-23.71,42.06,86,100,16.06,light rain
561,Parabel,RU,2020-10-30 02:23:33,58.7,81.48,19.02,98,47,2.24,scattered clouds
562,Staszow,PL,2020-10-30 02:26:59,50.56,21.17,46.0,90,0,1.99,clear sky
563,Celestun,MX,2020-10-30 02:26:59,20.87,-90.4,79.14,85,98,19.3,light rain
